{
    "lr0": 1.1815745190240943e-05,
    "mosaic": 0.06663762183093365,
    "optimizer": "SGD",
    "momentum": 0.810270684809736,
    "imgsz": 768
}