{
  "anchors_px": [
    [
      51.503408495018704,
      42.09858416360714
    ],
    [
      159.8131256952168,
      148.25806451612902
    ],
    [
      209.4175035868006,
      371.1549497847919
    ],
    [
      404.6354378818736,
      209.65784114052957
    ],
    [
      286.890756302521,
      622.0084033613442
    ],
    [
      500.0321715817693,
      436.1903485254692
    ],
    [
      802.6747967479675,
      362.74796747967486
    ],
    [
      593.1421052631579,
      744.315789473684
    ],
    [
      1106.2179487179485,
      782.6538461538462
    ]
  ],
  "suggested_img_sizes": [
    160,
    448,
    736
  ],
  "avg_image_size": 1500,
  "num_images": 1764
}